id,name,status,created_at,updated_at
3,Annadan,1,2025-05-19 07:45:41,2025-05-19 07:45:41
4,Vaidik School,1,2025-05-19 07:45:49,2025-05-19 07:45:49
5,Medical Services,1,2025-05-19 07:45:54,2025-05-19 07:45:54
6,Women Help,1,2025-05-19 07:46:00,2025-05-19 07:46:00
7,Gaushala,1,2025-05-19 07:46:05,2025-05-20 17:56:30
9,Temple Inearnation,1,2025-05-19 07:46:18,2025-05-19 07:46:18
10,Social Work For Sanatan Dharm,1,2025-05-19 07:46:46,2025-05-19 07:46:46
11,Help Of Divyang,1,2025-05-19 07:46:53,2025-05-19 07:46:53
12,Yoga Center,1,2025-05-19 07:46:59,2025-05-19 07:46:59
13,Help Of Poor People,1,2025-05-20 17:59:42,2025-05-20 17:59:42